run,method,mode,message_size,iterations,elapsed_s,value_name,value
1,mmap-anon-shared,latency,8,20000,0.727256700,latency_ns,18181.42
2,mmap-anon-shared,latency,8,20000,1.111113200,latency_ns,27777.83
3,mmap-anon-shared,latency,8,20000,0.826768200,latency_ns,20669.21
4,mmap-anon-shared,latency,8,20000,1.268954400,latency_ns,31723.86
5,mmap-anon-shared,latency,8,20000,1.874154100,latency_ns,46853.85
1,mmap-anon-spin,latency,8,20000,0.006847200,latency_ns,171.18
2,mmap-anon-spin,latency,8,20000,0.007002500,latency_ns,175.06
3,mmap-anon-spin,latency,8,20000,0.007150700,latency_ns,178.77
4,mmap-anon-spin,latency,8,20000,0.006531900,latency_ns,163.30
5,mmap-anon-spin,latency,8,20000,0.006795200,latency_ns,169.88
1,mmap-file-shared,latency,8,20000,4.480726500,latency_ns,112018.16
2,mmap-file-shared,latency,8,20000,3.254895000,latency_ns,81372.38
3,mmap-file-shared,latency,8,20000,1.084494700,latency_ns,27112.37
4,mmap-file-shared,latency,8,20000,1.193723800,latency_ns,29843.10
5,mmap-file-shared,latency,8,20000,1.251358000,latency_ns,31283.95
1,mmap-file-spin,latency,8,20000,0.003965600,latency_ns,99.14
2,mmap-file-spin,latency,8,20000,0.003488400,latency_ns,87.21
3,mmap-file-spin,latency,8,20000,0.003553100,latency_ns,88.83
4,mmap-file-spin,latency,8,20000,0.001173500,latency_ns,29.34
5,mmap-file-spin,latency,8,20000,0.004091900,latency_ns,102.30
1,posix-shm,latency,8,20000,3.709276500,latency_ns,92731.91
2,posix-shm,latency,8,20000,0.978238400,latency_ns,24455.96
3,posix-shm,latency,8,20000,2.164408000,latency_ns,54110.20
4,posix-shm,latency,8,20000,4.800165200,latency_ns,120004.13
5,posix-shm,latency,8,20000,4.554324900,latency_ns,113858.12
1,file-pread-pwrite,latency,8,20000,5.318750300,latency_ns,132968.76
2,file-pread-pwrite,latency,8,20000,5.336507100,latency_ns,133412.68
3,file-pread-pwrite,latency,8,20000,3.884410000,latency_ns,97110.25
4,file-pread-pwrite,latency,8,20000,2.207046000,latency_ns,55176.15
5,file-pread-pwrite,latency,8,20000,1.989259400,latency_ns,49731.49
1,pipe,latency,8,20000,3.292075700,latency_ns,82301.89
2,pipe,latency,8,20000,2.840439300,latency_ns,71010.98
3,pipe,latency,8,20000,3.977195700,latency_ns,99429.89
4,pipe,latency,8,20000,3.390271500,latency_ns,84756.79
5,pipe,latency,8,20000,4.365454000,latency_ns,109136.35
1,fifo,latency,8,20000,2.402870800,latency_ns,60071.77
2,fifo,latency,8,20000,3.610363000,latency_ns,90259.07
3,fifo,latency,8,20000,4.152033600,latency_ns,103800.84
4,fifo,latency,8,20000,3.702236300,latency_ns,92555.91
5,fifo,latency,8,20000,3.477113700,latency_ns,86927.84
1,unix-socket,latency,8,20000,3.821522500,latency_ns,95538.06
2,unix-socket,latency,8,20000,3.800556100,latency_ns,95013.90
3,unix-socket,latency,8,20000,3.773131200,latency_ns,94328.28
4,unix-socket,latency,8,20000,4.118791900,latency_ns,102969.80
5,unix-socket,latency,8,20000,3.607450400,latency_ns,90186.26
1,posix-mq,latency,8,20000,3.291140600,latency_ns,82278.51
2,posix-mq,latency,8,20000,2.295217800,latency_ns,57380.44
3,posix-mq,latency,8,20000,2.306102500,latency_ns,57652.56
4,posix-mq,latency,8,20000,1.888893600,latency_ns,47222.34
5,posix-mq,latency,8,20000,1.602536100,latency_ns,40063.40
1,mmap-anon-shared,latency,64,20000,1.364415800,latency_ns,34110.39
2,mmap-anon-shared,latency,64,20000,1.911634500,latency_ns,47790.86
3,mmap-anon-shared,latency,64,20000,2.060297700,latency_ns,51507.44
4,mmap-anon-shared,latency,64,20000,0.966987000,latency_ns,24174.67
5,mmap-anon-shared,latency,64,20000,2.520976600,latency_ns,63024.42
1,mmap-anon-spin,latency,64,20000,0.006637200,latency_ns,165.93
2,mmap-anon-spin,latency,64,20000,0.001706500,latency_ns,42.66
3,mmap-anon-spin,latency,64,20000,0.001605100,latency_ns,40.13
4,mmap-anon-spin,latency,64,20000,0.006996100,latency_ns,174.90
5,mmap-anon-spin,latency,64,20000,0.005118500,latency_ns,127.96
1,mmap-file-shared,latency,64,20000,1.477987400,latency_ns,36949.68
2,mmap-file-shared,latency,64,20000,2.379447200,latency_ns,59486.18
3,mmap-file-shared,latency,64,20000,1.440410700,latency_ns,36010.27
4,mmap-file-shared,latency,64,20000,1.481911800,latency_ns,37047.79
5,mmap-file-shared,latency,64,20000,0.889762100,latency_ns,22244.05
1,mmap-file-spin,latency,64,20000,0.004684200,latency_ns,117.11
2,mmap-file-spin,latency,64,20000,0.009914700,latency_ns,247.87
3,mmap-file-spin,latency,64,20000,0.008451700,latency_ns,211.29
4,mmap-file-spin,latency,64,20000,0.009518100,latency_ns,237.95
5,mmap-file-spin,latency,64,20000,0.009179300,latency_ns,229.48
1,posix-shm,latency,64,20000,2.276394200,latency_ns,56909.86
2,posix-shm,latency,64,20000,2.213880700,latency_ns,55347.02
3,posix-shm,latency,64,20000,1.806650600,latency_ns,45166.26
4,posix-shm,latency,64,20000,2.778257100,latency_ns,69456.43
5,posix-shm,latency,64,20000,3.383284900,latency_ns,84582.12
1,file-pread-pwrite,latency,64,20000,5.039068400,latency_ns,125976.71
2,file-pread-pwrite,latency,64,20000,6.569059200,latency_ns,164226.48
3,file-pread-pwrite,latency,64,20000,5.179377700,latency_ns,129484.44
4,file-pread-pwrite,latency,64,20000,2.178762700,latency_ns,54469.07
5,file-pread-pwrite,latency,64,20000,3.135403900,latency_ns,78385.10
1,pipe,latency,64,20000,3.178577300,latency_ns,79464.43
2,pipe,latency,64,20000,4.485061900,latency_ns,112126.55
3,pipe,latency,64,20000,4.083713100,latency_ns,102092.83
4,pipe,latency,64,20000,3.980275100,latency_ns,99506.88
5,pipe,latency,64,20000,2.886726900,latency_ns,72168.17
1,fifo,latency,64,20000,2.991528000,latency_ns,74788.20
2,fifo,latency,64,20000,1.752160200,latency_ns,43804.00
3,fifo,latency,64,20000,2.288483300,latency_ns,57212.08
4,fifo,latency,64,20000,3.099746400,latency_ns,77493.66
5,fifo,latency,64,20000,3.151256900,latency_ns,78781.42
1,unix-socket,latency,64,20000,3.483131500,latency_ns,87078.29
2,unix-socket,latency,64,20000,2.895347700,latency_ns,72383.69
3,unix-socket,latency,64,20000,3.055258000,latency_ns,76381.45
4,unix-socket,latency,64,20000,2.739094900,latency_ns,68477.37
5,unix-socket,latency,64,20000,2.755347600,latency_ns,68883.69
1,posix-mq,latency,64,20000,3.921644900,latency_ns,98041.12
2,posix-mq,latency,64,20000,4.611675300,latency_ns,115291.88
3,posix-mq,latency,64,20000,3.601962700,latency_ns,90049.07
4,posix-mq,latency,64,20000,4.422549800,latency_ns,110563.74
5,posix-mq,latency,64,20000,4.284893100,latency_ns,107122.33
1,mmap-anon-shared,latency,1024,20000,1.887089500,latency_ns,47177.24
2,mmap-anon-shared,latency,1024,20000,2.787509500,latency_ns,69687.74
3,mmap-anon-shared,latency,1024,20000,3.205297900,latency_ns,80132.45
4,mmap-anon-shared,latency,1024,20000,2.349063400,latency_ns,58726.58
5,mmap-anon-shared,latency,1024,20000,2.171057100,latency_ns,54276.43
1,mmap-anon-spin,latency,1024,20000,0.012300100,latency_ns,307.50
2,mmap-anon-spin,latency,1024,20000,0.003687600,latency_ns,92.19
3,mmap-anon-spin,latency,1024,20000,0.003608500,latency_ns,90.21
4,mmap-anon-spin,latency,1024,20000,0.013704600,latency_ns,342.62
5,mmap-anon-spin,latency,1024,20000,0.023591600,latency_ns,589.79
1,mmap-file-shared,latency,1024,20000,2.937701600,latency_ns,73442.54
2,mmap-file-shared,latency,1024,20000,4.303494500,latency_ns,107587.36
3,mmap-file-shared,latency,1024,20000,2.810892500,latency_ns,70272.31
4,mmap-file-shared,latency,1024,20000,2.728106900,latency_ns,68202.67
5,mmap-file-shared,latency,1024,20000,3.107929300,latency_ns,77698.23
1,mmap-file-spin,latency,1024,20000,0.020528700,latency_ns,513.22
2,mmap-file-spin,latency,1024,20000,0.018574500,latency_ns,464.36
3,mmap-file-spin,latency,1024,20000,0.006164600,latency_ns,154.12
4,mmap-file-spin,latency,1024,20000,0.019245800,latency_ns,481.14
5,mmap-file-spin,latency,1024,20000,0.018687100,latency_ns,467.18
1,posix-shm,latency,1024,20000,2.568557200,latency_ns,64213.93
2,posix-shm,latency,1024,20000,1.604661900,latency_ns,40116.55
3,posix-shm,latency,1024,20000,2.424288400,latency_ns,60607.21
4,posix-shm,latency,1024,20000,2.508871000,latency_ns,62721.78
5,posix-shm,latency,1024,20000,2.202277000,latency_ns,55056.93
1,file-pread-pwrite,latency,1024,20000,4.655422500,latency_ns,116385.56
2,file-pread-pwrite,latency,1024,20000,4.729357300,latency_ns,118233.93
3,file-pread-pwrite,latency,1024,20000,4.436617500,latency_ns,110915.44
4,file-pread-pwrite,latency,1024,20000,5.321474900,latency_ns,133036.87
5,file-pread-pwrite,latency,1024,20000,6.936642800,latency_ns,173416.07
1,pipe,latency,1024,20000,5.042733300,latency_ns,126068.33
2,pipe,latency,1024,20000,4.539791400,latency_ns,113494.79
3,pipe,latency,1024,20000,3.253494200,latency_ns,81337.35
4,pipe,latency,1024,20000,2.719050200,latency_ns,67976.26
5,pipe,latency,1024,20000,3.730033200,latency_ns,93250.83
1,fifo,latency,1024,20000,4.272621900,latency_ns,106815.55
2,fifo,latency,1024,20000,5.292256200,latency_ns,132306.40
3,fifo,latency,1024,20000,4.229638500,latency_ns,105740.96
4,fifo,latency,1024,20000,3.209238900,latency_ns,80230.97
5,fifo,latency,1024,20000,3.508079000,latency_ns,87701.98
1,unix-socket,latency,1024,20000,3.098570500,latency_ns,77464.26
2,unix-socket,latency,1024,20000,4.167027100,latency_ns,104175.68
3,unix-socket,latency,1024,20000,4.517224800,latency_ns,112930.62
4,unix-socket,latency,1024,20000,3.833777500,latency_ns,95844.44
5,unix-socket,latency,1024,20000,2.905921200,latency_ns,72648.03
1,posix-mq,latency,1024,20000,4.752756500,latency_ns,118818.91
2,posix-mq,latency,1024,20000,3.269516300,latency_ns,81737.91
3,posix-mq,latency,1024,20000,3.416564700,latency_ns,85414.12
4,posix-mq,latency,1024,20000,4.896100500,latency_ns,122402.51
5,posix-mq,latency,1024,20000,1.730068800,latency_ns,43251.72
1,mmap-anon-shared,latency,4096,20000,1.370727700,latency_ns,34268.19
2,mmap-anon-shared,latency,4096,20000,1.381467700,latency_ns,34536.69
3,mmap-anon-shared,latency,4096,20000,2.581004800,latency_ns,64525.12
4,mmap-anon-shared,latency,4096,20000,3.702683900,latency_ns,92567.10
5,mmap-anon-shared,latency,4096,20000,4.395027700,latency_ns,109875.69
1,mmap-anon-spin,latency,4096,20000,0.018126100,latency_ns,453.15
2,mmap-anon-spin,latency,4096,20000,0.022888800,latency_ns,572.22
3,mmap-anon-spin,latency,4096,20000,0.024512200,latency_ns,612.80
4,mmap-anon-spin,latency,4096,20000,0.025600800,latency_ns,640.02
5,mmap-anon-spin,latency,4096,20000,0.014469400,latency_ns,361.74
1,mmap-file-shared,latency,4096,20000,4.148824700,latency_ns,103720.62
2,mmap-file-shared,latency,4096,20000,2.013192100,latency_ns,50329.80
3,mmap-file-shared,latency,4096,20000,3.777371400,latency_ns,94434.29
4,mmap-file-shared,latency,4096,20000,3.080456400,latency_ns,77011.41
5,mmap-file-shared,latency,4096,20000,2.725644400,latency_ns,68141.11
1,mmap-file-spin,latency,4096,20000,0.009355700,latency_ns,233.89
2,mmap-file-spin,latency,4096,20000,0.015395000,latency_ns,384.88
3,mmap-file-spin,latency,4096,20000,0.022914000,latency_ns,572.85
4,mmap-file-spin,latency,4096,20000,0.040082500,latency_ns,1002.06
5,mmap-file-spin,latency,4096,20000,0.033171000,latency_ns,829.27
1,posix-shm,latency,4096,20000,3.765862700,latency_ns,94146.57
2,posix-shm,latency,4096,20000,3.811657000,latency_ns,95291.43
3,posix-shm,latency,4096,20000,4.802262400,latency_ns,120056.56
4,posix-shm,latency,4096,20000,4.210133900,latency_ns,105253.35
5,posix-shm,latency,4096,20000,3.207308500,latency_ns,80182.71
1,file-pread-pwrite,latency,4096,20000,4.584396300,latency_ns,114609.91
2,file-pread-pwrite,latency,4096,20000,5.494263300,latency_ns,137356.58
3,file-pread-pwrite,latency,4096,20000,4.935499700,latency_ns,123387.49
4,file-pread-pwrite,latency,4096,20000,4.531563600,latency_ns,113289.09
5,file-pread-pwrite,latency,4096,20000,6.111370100,latency_ns,152784.25
1,pipe,latency,4096,20000,4.941429900,latency_ns,123535.75
2,pipe,latency,4096,20000,2.969546600,latency_ns,74238.66
3,pipe,latency,4096,20000,3.104975200,latency_ns,77624.38
4,pipe,latency,4096,20000,3.212104100,latency_ns,80302.60
5,pipe,latency,4096,20000,4.855233200,latency_ns,121380.83
1,fifo,latency,4096,20000,4.299342200,latency_ns,107483.55
2,fifo,latency,4096,20000,4.552359300,latency_ns,113808.98
3,fifo,latency,4096,20000,4.885173500,latency_ns,122129.34
4,fifo,latency,4096,20000,4.585460600,latency_ns,114636.51
5,fifo,latency,4096,20000,3.402895900,latency_ns,85072.40
1,unix-socket,latency,4096,20000,4.094721100,latency_ns,102368.03
2,unix-socket,latency,4096,20000,3.612486300,latency_ns,90312.16
3,unix-socket,latency,4096,20000,3.415538900,latency_ns,85388.47
4,unix-socket,latency,4096,20000,3.124388400,latency_ns,78109.71
5,unix-socket,latency,4096,20000,4.681261500,latency_ns,117031.54
1,posix-mq,latency,4096,20000,5.230841400,latency_ns,130771.04
2,posix-mq,latency,4096,20000,5.698388800,latency_ns,142459.72
3,posix-mq,latency,4096,20000,3.564180000,latency_ns,89104.50
4,posix-mq,latency,4096,20000,2.636819000,latency_ns,65920.48
5,posix-mq,latency,4096,20000,3.881827800,latency_ns,97045.70
1,mmap-anon-shared,latency,65536,2000,0.275622800,latency_ns,68905.70
2,mmap-anon-shared,latency,65536,2000,0.389728100,latency_ns,97432.02
3,mmap-anon-shared,latency,65536,2000,0.260679900,latency_ns,65169.97
4,mmap-anon-shared,latency,65536,2000,0.428162600,latency_ns,107040.65
5,mmap-anon-shared,latency,65536,2000,0.495741400,latency_ns,123935.35
1,mmap-anon-spin,latency,65536,2000,0.007042800,latency_ns,1760.70
2,mmap-anon-spin,latency,65536,2000,0.005592000,latency_ns,1398.00
3,mmap-anon-spin,latency,65536,2000,0.016964400,latency_ns,4241.10
4,mmap-anon-spin,latency,65536,2000,0.011815400,latency_ns,2953.85
5,mmap-anon-spin,latency,65536,2000,0.033918300,latency_ns,8479.58
1,mmap-file-shared,latency,65536,2000,0.386563100,latency_ns,96640.77
2,mmap-file-shared,latency,65536,2000,0.283821100,latency_ns,70955.27
3,mmap-file-shared,latency,65536,2000,0.305779300,latency_ns,76444.82
4,mmap-file-shared,latency,65536,2000,0.373429100,latency_ns,93357.27
5,mmap-file-shared,latency,65536,2000,0.246174700,latency_ns,61543.68
1,mmap-file-spin,latency,65536,2000,0.011678600,latency_ns,2919.65
2,mmap-file-spin,latency,65536,2000,0.010070100,latency_ns,2517.53
3,mmap-file-spin,latency,65536,2000,0.013552000,latency_ns,3388.00
4,mmap-file-spin,latency,65536,2000,0.008026100,latency_ns,2006.53
5,mmap-file-spin,latency,65536,2000,0.009747000,latency_ns,2436.75
1,posix-shm,latency,65536,2000,0.237006400,latency_ns,59251.60
2,posix-shm,latency,65536,2000,0.755152400,latency_ns,188788.10
3,posix-shm,latency,65536,2000,0.430978800,latency_ns,107744.70
4,posix-shm,latency,65536,2000,0.381811700,latency_ns,95452.93
5,posix-shm,latency,65536,2000,0.501522400,latency_ns,125380.60
1,file-pread-pwrite,latency,65536,2000,0.753258500,latency_ns,188314.62
2,file-pread-pwrite,latency,65536,2000,0.682606700,latency_ns,170651.67
3,file-pread-pwrite,latency,65536,2000,0.734241900,latency_ns,183560.48
4,file-pread-pwrite,latency,65536,2000,0.264304000,latency_ns,66076.00
5,file-pread-pwrite,latency,65536,2000,0.423344200,latency_ns,105836.05
1,pipe,latency,65536,2000,0.815500800,latency_ns,203875.20
2,pipe,latency,65536,2000,0.459508200,latency_ns,114877.05
3,pipe,latency,65536,2000,0.527198700,latency_ns,131799.67
4,pipe,latency,65536,2000,0.584910800,latency_ns,146227.70
5,pipe,latency,65536,2000,0.613865600,latency_ns,153466.40
1,fifo,latency,65536,2000,0.989595700,latency_ns,247398.92
2,fifo,latency,65536,2000,0.763421200,latency_ns,190855.30
3,fifo,latency,65536,2000,0.507935400,latency_ns,126983.85
4,fifo,latency,65536,2000,0.558641900,latency_ns,139660.48
5,fifo,latency,65536,2000,0.457236400,latency_ns,114309.10
1,unix-socket,latency,65536,2000,0.571010100,latency_ns,142752.52
2,unix-socket,latency,65536,2000,0.515768600,latency_ns,128942.15
3,unix-socket,latency,65536,2000,0.438425200,latency_ns,109606.30
4,unix-socket,latency,65536,2000,0.508119800,latency_ns,127029.95
5,unix-socket,latency,65536,2000,0.349438700,latency_ns,87359.68
1,mmap-anon-shared,latency,1048576,2000,0.937113500,latency_ns,234278.38
2,mmap-anon-shared,latency,1048576,2000,0.928639800,latency_ns,232159.95
3,mmap-anon-shared,latency,1048576,2000,0.891249000,latency_ns,222812.25
4,mmap-anon-shared,latency,1048576,2000,1.067035800,latency_ns,266758.95
5,mmap-anon-shared,latency,1048576,2000,0.947517900,latency_ns,236879.48
1,mmap-anon-spin,latency,1048576,2000,0.195256200,latency_ns,48814.05
2,mmap-anon-spin,latency,1048576,2000,0.162395600,latency_ns,40598.90
3,mmap-anon-spin,latency,1048576,2000,0.204629400,latency_ns,51157.35
4,mmap-anon-spin,latency,1048576,2000,0.165630900,latency_ns,41407.72
5,mmap-anon-spin,latency,1048576,2000,0.117551200,latency_ns,29387.80
1,mmap-file-shared,latency,1048576,2000,0.767927200,latency_ns,191981.80
2,mmap-file-shared,latency,1048576,2000,0.771455400,latency_ns,192863.85
3,mmap-file-shared,latency,1048576,2000,0.772385000,latency_ns,193096.25
4,mmap-file-shared,latency,1048576,2000,0.760269000,latency_ns,190067.25
5,mmap-file-shared,latency,1048576,2000,0.781048300,latency_ns,195262.08
1,mmap-file-spin,latency,1048576,2000,0.143301900,latency_ns,35825.47
2,mmap-file-spin,latency,1048576,2000,0.119928900,latency_ns,29982.22
3,mmap-file-spin,latency,1048576,2000,0.124073400,latency_ns,31018.35
4,mmap-file-spin,latency,1048576,2000,0.125001800,latency_ns,31250.45
5,mmap-file-spin,latency,1048576,2000,0.103617900,latency_ns,25904.47
1,posix-shm,latency,1048576,2000,0.624465200,latency_ns,156116.30
2,posix-shm,latency,1048576,2000,0.777583800,latency_ns,194395.95
3,posix-shm,latency,1048576,2000,0.788641700,latency_ns,197160.42
4,posix-shm,latency,1048576,2000,0.790675100,latency_ns,197668.77
5,posix-shm,latency,1048576,2000,0.839695300,latency_ns,209923.83
1,file-pread-pwrite,latency,1048576,2000,2.801417800,latency_ns,700354.45
2,file-pread-pwrite,latency,1048576,2000,2.080388500,latency_ns,520097.12
3,file-pread-pwrite,latency,1048576,2000,2.758554600,latency_ns,689638.65
4,file-pread-pwrite,latency,1048576,2000,2.686482700,latency_ns,671620.68
5,file-pread-pwrite,latency,1048576,2000,2.468068900,latency_ns,617017.22
1,pipe,latency,1048576,2000,14.337907000,latency_ns,3584476.75
2,pipe,latency,1048576,2000,13.414951600,latency_ns,3353737.90
3,pipe,latency,1048576,2000,17.431332300,latency_ns,4357833.08
4,pipe,latency,1048576,2000,19.681819000,latency_ns,4920454.75
5,pipe,latency,1048576,2000,20.606105500,latency_ns,5151526.38
1,fifo,latency,1048576,2000,13.208448800,latency_ns,3302112.20
2,fifo,latency,1048576,2000,18.736306400,latency_ns,4684076.60
3,fifo,latency,1048576,2000,16.647627100,latency_ns,4161906.77
4,fifo,latency,1048576,2000,16.709260000,latency_ns,4177315.00
5,fifo,latency,1048576,2000,17.519106400,latency_ns,4379776.60
1,unix-socket,latency,1048576,2000,3.196937800,latency_ns,799234.45
2,unix-socket,latency,1048576,2000,2.243708500,latency_ns,560927.12
3,unix-socket,latency,1048576,2000,2.964350800,latency_ns,741087.70
4,unix-socket,latency,1048576,2000,2.727159500,latency_ns,681789.88
5,unix-socket,latency,1048576,2000,2.949169900,latency_ns,737292.47
1,mmap-anon-shared,throughput,8,50000,5.966885100,throughput_MiB_s,0.06
2,mmap-anon-shared,throughput,8,50000,5.416145300,throughput_MiB_s,0.07
3,mmap-anon-shared,throughput,8,50000,5.504322000,throughput_MiB_s,0.07
4,mmap-anon-shared,throughput,8,50000,9.825220700,throughput_MiB_s,0.04
5,mmap-anon-shared,throughput,8,50000,11.279783400,throughput_MiB_s,0.03
1,mmap-anon-spin,throughput,8,50000,0.026771300,throughput_MiB_s,14.25
2,mmap-anon-spin,throughput,8,50000,0.028345600,throughput_MiB_s,13.46
3,mmap-anon-spin,throughput,8,50000,0.027887500,throughput_MiB_s,13.68
4,mmap-anon-spin,throughput,8,50000,0.029203400,throughput_MiB_s,13.06
5,mmap-anon-spin,throughput,8,50000,0.025579600,throughput_MiB_s,14.91
1,mmap-file-shared,throughput,8,50000,7.339331900,throughput_MiB_s,0.05
2,mmap-file-shared,throughput,8,50000,6.826436100,throughput_MiB_s,0.06
3,mmap-file-shared,throughput,8,50000,11.933214500,throughput_MiB_s,0.03
4,mmap-file-shared,throughput,8,50000,4.360597000,throughput_MiB_s,0.09
5,mmap-file-shared,throughput,8,50000,6.284924800,throughput_MiB_s,0.06
1,mmap-file-spin,throughput,8,50000,0.021437400,throughput_MiB_s,17.79
2,mmap-file-spin,throughput,8,50000,0.014456100,throughput_MiB_s,26.39
3,mmap-file-spin,throughput,8,50000,0.030005200,throughput_MiB_s,12.71
4,mmap-file-spin,throughput,8,50000,0.019562400,throughput_MiB_s,19.50
5,mmap-file-spin,throughput,8,50000,0.028900700,throughput_MiB_s,13.20
1,posix-shm,throughput,8,50000,8.310986000,throughput_MiB_s,0.05
2,posix-shm,throughput,8,50000,5.907226600,throughput_MiB_s,0.06
3,posix-shm,throughput,8,50000,6.863400400,throughput_MiB_s,0.06
4,posix-shm,throughput,8,50000,6.852182600,throughput_MiB_s,0.06
5,posix-shm,throughput,8,50000,9.096512300,throughput_MiB_s,0.04
1,file-pread-pwrite,throughput,8,50000,11.351947700,throughput_MiB_s,0.03
2,file-pread-pwrite,throughput,8,50000,12.735080300,throughput_MiB_s,0.03
3,file-pread-pwrite,throughput,8,50000,10.188941500,throughput_MiB_s,0.04
4,file-pread-pwrite,throughput,8,50000,10.036926200,throughput_MiB_s,0.04
5,file-pread-pwrite,throughput,8,50000,12.031558500,throughput_MiB_s,0.03
1,pipe,throughput,8,50000,0.163461400,throughput_MiB_s,2.33
2,pipe,throughput,8,50000,0.123022600,throughput_MiB_s,3.10
3,pipe,throughput,8,50000,0.107750500,throughput_MiB_s,3.54
4,pipe,throughput,8,50000,0.057404500,throughput_MiB_s,6.65
5,pipe,throughput,8,50000,0.072503300,throughput_MiB_s,5.26
1,fifo,throughput,8,50000,0.072359100,throughput_MiB_s,5.27
2,fifo,throughput,8,50000,0.086966200,throughput_MiB_s,4.39
3,fifo,throughput,8,50000,0.126747500,throughput_MiB_s,3.01
4,fifo,throughput,8,50000,0.126451200,throughput_MiB_s,3.02
5,fifo,throughput,8,50000,0.116277700,throughput_MiB_s,3.28
1,unix-socket,throughput,8,50000,0.195674700,throughput_MiB_s,1.95
2,unix-socket,throughput,8,50000,0.138480200,throughput_MiB_s,2.75
3,unix-socket,throughput,8,50000,0.099781800,throughput_MiB_s,3.82
4,unix-socket,throughput,8,50000,0.147647700,throughput_MiB_s,2.58
5,unix-socket,throughput,8,50000,0.174148600,throughput_MiB_s,2.19
1,posix-mq,throughput,8,50000,0.261834800,throughput_MiB_s,1.46
2,posix-mq,throughput,8,50000,0.182864100,throughput_MiB_s,2.09
3,posix-mq,throughput,8,50000,0.176690800,throughput_MiB_s,2.16
4,posix-mq,throughput,8,50000,0.280298200,throughput_MiB_s,1.36
5,posix-mq,throughput,8,50000,0.281346900,throughput_MiB_s,1.36
1,mmap-anon-shared,throughput,64,50000,4.011530400,throughput_MiB_s,0.76
2,mmap-anon-shared,throughput,64,50000,7.863344900,throughput_MiB_s,0.39
3,mmap-anon-shared,throughput,64,50000,7.880224000,throughput_MiB_s,0.39
4,mmap-anon-shared,throughput,64,50000,11.503823900,throughput_MiB_s,0.27
5,mmap-anon-shared,throughput,64,50000,5.651783000,throughput_MiB_s,0.54
1,mmap-anon-spin,throughput,64,50000,0.018629200,throughput_MiB_s,163.82
2,mmap-anon-spin,throughput,64,50000,0.019885900,throughput_MiB_s,153.46
3,mmap-anon-spin,throughput,64,50000,0.020870400,throughput_MiB_s,146.22
4,mmap-anon-spin,throughput,64,50000,0.018357900,throughput_MiB_s,166.24
5,mmap-anon-spin,throughput,64,50000,0.010893600,throughput_MiB_s,280.14
1,mmap-file-shared,throughput,64,50000,2.562625400,throughput_MiB_s,1.19
2,mmap-file-shared,throughput,64,50000,3.778096200,throughput_MiB_s,0.81
3,mmap-file-shared,throughput,64,50000,3.615356100,throughput_MiB_s,0.84
4,mmap-file-shared,throughput,64,50000,6.962821500,throughput_MiB_s,0.44
5,mmap-file-shared,throughput,64,50000,11.557220400,throughput_MiB_s,0.26
1,mmap-file-spin,throughput,64,50000,0.021568500,throughput_MiB_s,141.49
2,mmap-file-spin,throughput,64,50000,0.019427400,throughput_MiB_s,157.09
3,mmap-file-spin,throughput,64,50000,0.020166900,throughput_MiB_s,151.33
4,mmap-file-spin,throughput,64,50000,0.020748300,throughput_MiB_s,147.08
5,mmap-file-spin,throughput,64,50000,0.018456700,throughput_MiB_s,165.35
1,posix-shm,throughput,64,50000,6.615234500,throughput_MiB_s,0.46
2,posix-shm,throughput,64,50000,7.821184300,throughput_MiB_s,0.39
3,posix-shm,throughput,64,50000,12.041272200,throughput_MiB_s,0.25
4,posix-shm,throughput,64,50000,8.343125000,throughput_MiB_s,0.37
5,posix-shm,throughput,64,50000,7.096115000,throughput_MiB_s,0.43
1,file-pread-pwrite,throughput,64,50000,4.932409400,throughput_MiB_s,0.62
2,file-pread-pwrite,throughput,64,50000,3.800406700,throughput_MiB_s,0.80
3,file-pread-pwrite,throughput,64,50000,4.141859000,throughput_MiB_s,0.74
4,file-pread-pwrite,throughput,64,50000,7.703673500,throughput_MiB_s,0.40
5,file-pread-pwrite,throughput,64,50000,7.826208300,throughput_MiB_s,0.39
1,pipe,throughput,64,50000,0.112565200,throughput_MiB_s,27.11
2,pipe,throughput,64,50000,0.082236000,throughput_MiB_s,37.11
3,pipe,throughput,64,50000,0.201699900,throughput_MiB_s,15.13
4,pipe,throughput,64,50000,0.154265100,throughput_MiB_s,19.78
5,pipe,throughput,64,50000,0.077939900,throughput_MiB_s,39.16
1,fifo,throughput,64,50000,0.078618000,throughput_MiB_s,38.82
2,fifo,throughput,64,50000,0.106015400,throughput_MiB_s,28.79
3,fifo,throughput,64,50000,0.095536500,throughput_MiB_s,31.94
4,fifo,throughput,64,50000,0.077237700,throughput_MiB_s,39.51
5,fifo,throughput,64,50000,0.135145100,throughput_MiB_s,22.58
1,unix-socket,throughput,64,50000,0.337388300,throughput_MiB_s,9.05
2,unix-socket,throughput,64,50000,0.153794800,throughput_MiB_s,19.84
3,unix-socket,throughput,64,50000,0.145177000,throughput_MiB_s,21.02
4,unix-socket,throughput,64,50000,0.126380600,throughput_MiB_s,24.15
5,unix-socket,throughput,64,50000,0.177103700,throughput_MiB_s,17.23
1,posix-mq,throughput,64,50000,0.108914700,throughput_MiB_s,28.02
2,posix-mq,throughput,64,50000,0.119834800,throughput_MiB_s,25.47
3,posix-mq,throughput,64,50000,0.323294800,throughput_MiB_s,9.44
4,posix-mq,throughput,64,50000,0.297356600,throughput_MiB_s,10.26
5,posix-mq,throughput,64,50000,0.177775300,throughput_MiB_s,17.17
1,mmap-anon-shared,throughput,1024,50000,4.654764000,throughput_MiB_s,10.49
2,mmap-anon-shared,throughput,1024,50000,6.154139100,throughput_MiB_s,7.93
3,mmap-anon-shared,throughput,1024,50000,5.856532500,throughput_MiB_s,8.34
4,mmap-anon-shared,throughput,1024,50000,3.735657600,throughput_MiB_s,13.07
5,mmap-anon-shared,throughput,1024,50000,6.527873300,throughput_MiB_s,7.48
1,mmap-anon-spin,throughput,1024,50000,0.012786700,throughput_MiB_s,3818.67
2,mmap-anon-spin,throughput,1024,50000,0.005395500,throughput_MiB_s,9049.79
3,mmap-anon-spin,throughput,1024,50000,0.018308500,throughput_MiB_s,2666.96
4,mmap-anon-spin,throughput,1024,50000,0.019395700,throughput_MiB_s,2517.47
5,mmap-anon-spin,throughput,1024,50000,0.018855200,throughput_MiB_s,2589.64
1,mmap-file-shared,throughput,1024,50000,5.832812800,throughput_MiB_s,8.37
2,mmap-file-shared,throughput,1024,50000,3.581599200,throughput_MiB_s,13.63
3,mmap-file-shared,throughput,1024,50000,2.742785800,throughput_MiB_s,17.80
4,mmap-file-shared,throughput,1024,50000,5.536031300,throughput_MiB_s,8.82
5,mmap-file-shared,throughput,1024,50000,5.618179000,throughput_MiB_s,8.69
1,mmap-file-spin,throughput,1024,50000,0.019528500,throughput_MiB_s,2500.35
2,mmap-file-spin,throughput,1024,50000,0.008179200,throughput_MiB_s,5969.79
3,mmap-file-spin,throughput,1024,50000,0.019011900,throughput_MiB_s,2568.29
4,mmap-file-spin,throughput,1024,50000,0.021111200,throughput_MiB_s,2312.90
5,mmap-file-spin,throughput,1024,50000,0.020386400,throughput_MiB_s,2395.13
1,posix-shm,throughput,1024,50000,4.791141200,throughput_MiB_s,10.19
2,posix-shm,throughput,1024,50000,3.278723500,throughput_MiB_s,14.89
3,posix-shm,throughput,1024,50000,5.653599200,throughput_MiB_s,8.64
4,posix-shm,throughput,1024,50000,4.733404600,throughput_MiB_s,10.32
5,posix-shm,throughput,1024,50000,7.062840400,throughput_MiB_s,6.91
1,file-pread-pwrite,throughput,1024,50000,12.926957900,throughput_MiB_s,3.78
2,file-pread-pwrite,throughput,1024,50000,12.844719500,throughput_MiB_s,3.80
3,file-pread-pwrite,throughput,1024,50000,8.993901500,throughput_MiB_s,5.43
4,file-pread-pwrite,throughput,1024,50000,11.782488800,throughput_MiB_s,4.14
5,file-pread-pwrite,throughput,1024,50000,9.497760900,throughput_MiB_s,5.14
1,pipe,throughput,1024,50000,0.063795800,throughput_MiB_s,765.38
2,pipe,throughput,1024,50000,0.093601100,throughput_MiB_s,521.66
3,pipe,throughput,1024,50000,0.142090800,throughput_MiB_s,343.64
4,pipe,throughput,1024,50000,0.205170500,throughput_MiB_s,237.99
5,pipe,throughput,1024,50000,0.209311700,throughput_MiB_s,233.28
1,fifo,throughput,1024,50000,0.198163300,throughput_MiB_s,246.40
2,fifo,throughput,1024,50000,0.187385300,throughput_MiB_s,260.58
3,fifo,throughput,1024,50000,0.205899900,throughput_MiB_s,237.14
4,fifo,throughput,1024,50000,0.188568500,throughput_MiB_s,258.94
5,fifo,throughput,1024,50000,0.207091400,throughput_MiB_s,235.78
1,unix-socket,throughput,1024,50000,0.317775400,throughput_MiB_s,153.66
2,unix-socket,throughput,1024,50000,0.293717200,throughput_MiB_s,166.24
3,unix-socket,throughput,1024,50000,0.201061100,throughput_MiB_s,242.85
4,unix-socket,throughput,1024,50000,0.324450300,throughput_MiB_s,150.49
5,unix-socket,throughput,1024,50000,0.222136400,throughput_MiB_s,219.81
1,posix-mq,throughput,1024,50000,0.237759900,throughput_MiB_s,205.37
2,posix-mq,throughput,1024,50000,0.201741600,throughput_MiB_s,242.03
3,posix-mq,throughput,1024,50000,0.295223000,throughput_MiB_s,165.39
4,posix-mq,throughput,1024,50000,0.325145000,throughput_MiB_s,150.17
5,posix-mq,throughput,1024,50000,0.333348500,throughput_MiB_s,146.48
1,mmap-anon-shared,throughput,4096,50000,6.760476500,throughput_MiB_s,28.89
2,mmap-anon-shared,throughput,4096,50000,7.317287600,throughput_MiB_s,26.69
3,mmap-anon-shared,throughput,4096,50000,7.277933900,throughput_MiB_s,26.84
4,mmap-anon-shared,throughput,4096,50000,12.941934200,throughput_MiB_s,15.09
5,mmap-anon-shared,throughput,4096,50000,5.110536800,throughput_MiB_s,38.22
1,mmap-anon-spin,throughput,4096,50000,0.039995900,throughput_MiB_s,4883.31
2,mmap-anon-spin,throughput,4096,50000,0.024507900,throughput_MiB_s,7969.37
3,mmap-anon-spin,throughput,4096,50000,0.041845300,throughput_MiB_s,4667.49
4,mmap-anon-spin,throughput,4096,50000,0.043560200,throughput_MiB_s,4483.74
5,mmap-anon-spin,throughput,4096,50000,0.044040400,throughput_MiB_s,4434.85
1,mmap-file-shared,throughput,4096,50000,8.261856800,throughput_MiB_s,23.64
2,mmap-file-shared,throughput,4096,50000,6.239616300,throughput_MiB_s,31.30
3,mmap-file-shared,throughput,4096,50000,5.569310700,throughput_MiB_s,35.07
4,mmap-file-shared,throughput,4096,50000,3.924180500,throughput_MiB_s,49.77
5,mmap-file-shared,throughput,4096,50000,4.939531100,throughput_MiB_s,39.54
1,mmap-file-spin,throughput,4096,50000,0.029514300,throughput_MiB_s,6617.55
2,mmap-file-spin,throughput,4096,50000,0.019500500,throughput_MiB_s,10015.77
3,mmap-file-spin,throughput,4096,50000,0.028550500,throughput_MiB_s,6840.95
4,mmap-file-spin,throughput,4096,50000,0.030900700,throughput_MiB_s,6320.65
5,mmap-file-spin,throughput,4096,50000,0.027275800,throughput_MiB_s,7160.65
1,posix-shm,throughput,4096,50000,8.597708400,throughput_MiB_s,22.72
2,posix-shm,throughput,4096,50000,6.198433900,throughput_MiB_s,31.51
3,posix-shm,throughput,4096,50000,7.970518200,throughput_MiB_s,24.50
4,posix-shm,throughput,4096,50000,7.835024000,throughput_MiB_s,24.93
5,posix-shm,throughput,4096,50000,3.279569500,throughput_MiB_s,59.55
1,file-pread-pwrite,throughput,4096,50000,11.613994200,throughput_MiB_s,16.82
2,file-pread-pwrite,throughput,4096,50000,13.316673000,throughput_MiB_s,14.67
3,file-pread-pwrite,throughput,4096,50000,13.366432900,throughput_MiB_s,14.61
4,file-pread-pwrite,throughput,4096,50000,12.356620100,throughput_MiB_s,15.81
5,file-pread-pwrite,throughput,4096,50000,13.551861400,throughput_MiB_s,14.41
1,pipe,throughput,4096,50000,0.256704400,throughput_MiB_s,760.85
2,pipe,throughput,4096,50000,0.236351100,throughput_MiB_s,826.37
3,pipe,throughput,4096,50000,0.234725900,throughput_MiB_s,832.09
4,pipe,throughput,4096,50000,0.237081900,throughput_MiB_s,823.82
5,pipe,throughput,4096,50000,0.240437800,throughput_MiB_s,812.32
1,fifo,throughput,4096,50000,0.275201400,throughput_MiB_s,709.71
2,fifo,throughput,4096,50000,0.256819800,throughput_MiB_s,760.50
3,fifo,throughput,4096,50000,0.241958600,throughput_MiB_s,807.21
4,fifo,throughput,4096,50000,0.252239000,throughput_MiB_s,774.32
5,fifo,throughput,4096,50000,0.296149300,throughput_MiB_s,659.51
1,unix-socket,throughput,4096,50000,0.394964600,throughput_MiB_s,494.51
2,unix-socket,throughput,4096,50000,0.616763800,throughput_MiB_s,316.67
3,unix-socket,throughput,4096,50000,0.403957800,throughput_MiB_s,483.50
4,unix-socket,throughput,4096,50000,0.413629600,throughput_MiB_s,472.19
5,unix-socket,throughput,4096,50000,0.429571400,throughput_MiB_s,454.67
1,posix-mq,throughput,4096,50000,0.358608900,throughput_MiB_s,544.64
2,posix-mq,throughput,4096,50000,0.332708500,throughput_MiB_s,587.04
3,posix-mq,throughput,4096,50000,0.353992700,throughput_MiB_s,551.74
4,posix-mq,throughput,4096,50000,0.341863000,throughput_MiB_s,571.32
5,posix-mq,throughput,4096,50000,0.347455400,throughput_MiB_s,562.12
1,mmap-anon-shared,throughput,65536,10000,2.316717800,throughput_MiB_s,269.78
2,mmap-anon-shared,throughput,65536,10000,2.851033000,throughput_MiB_s,219.22
3,mmap-anon-shared,throughput,65536,10000,2.423735300,throughput_MiB_s,257.87
4,mmap-anon-shared,throughput,65536,10000,2.615678000,throughput_MiB_s,238.94
5,mmap-anon-shared,throughput,65536,10000,1.947838200,throughput_MiB_s,320.87
1,mmap-anon-spin,throughput,65536,10000,0.036971800,throughput_MiB_s,16904.78
2,mmap-anon-spin,throughput,65536,10000,0.040730000,throughput_MiB_s,15344.95
3,mmap-anon-spin,throughput,65536,10000,0.040892900,throughput_MiB_s,15283.83
4,mmap-anon-spin,throughput,65536,10000,0.033509300,throughput_MiB_s,18651.54
5,mmap-anon-spin,throughput,65536,10000,0.040854200,throughput_MiB_s,15298.30
1,mmap-file-shared,throughput,65536,10000,2.073092000,throughput_MiB_s,301.48
2,mmap-file-shared,throughput,65536,10000,2.042672300,throughput_MiB_s,305.97
3,mmap-file-shared,throughput,65536,10000,1.051039400,throughput_MiB_s,594.65
4,mmap-file-shared,throughput,65536,10000,2.138392000,throughput_MiB_s,292.28
5,mmap-file-shared,throughput,65536,10000,2.570075800,throughput_MiB_s,243.18
1,mmap-file-spin,throughput,65536,10000,0.044806400,throughput_MiB_s,13948.90
2,mmap-file-spin,throughput,65536,10000,0.044977800,throughput_MiB_s,13895.74
3,mmap-file-spin,throughput,65536,10000,0.043670400,throughput_MiB_s,14311.75
4,mmap-file-spin,throughput,65536,10000,0.043613100,throughput_MiB_s,14330.56
5,mmap-file-spin,throughput,65536,10000,0.042132800,throughput_MiB_s,14834.05
1,posix-shm,throughput,65536,10000,2.585489100,throughput_MiB_s,241.73
2,posix-shm,throughput,65536,10000,2.529187600,throughput_MiB_s,247.11
3,posix-shm,throughput,65536,10000,2.578466900,throughput_MiB_s,242.39
4,posix-shm,throughput,65536,10000,2.588359400,throughput_MiB_s,241.47
5,posix-shm,throughput,65536,10000,1.883430500,throughput_MiB_s,331.84
1,file-pread-pwrite,throughput,65536,10000,3.053910900,throughput_MiB_s,204.66
2,file-pread-pwrite,throughput,65536,10000,2.976891100,throughput_MiB_s,209.95
3,file-pread-pwrite,throughput,65536,10000,2.916294500,throughput_MiB_s,214.31
4,file-pread-pwrite,throughput,65536,10000,3.425085300,throughput_MiB_s,182.48
5,file-pread-pwrite,throughput,65536,10000,4.232678000,throughput_MiB_s,147.66
1,pipe,throughput,65536,10000,1.944454700,throughput_MiB_s,321.43
2,pipe,throughput,65536,10000,1.581759100,throughput_MiB_s,395.13
3,pipe,throughput,65536,10000,1.380884300,throughput_MiB_s,452.61
4,pipe,throughput,65536,10000,1.334057600,throughput_MiB_s,468.50
5,pipe,throughput,65536,10000,1.577316200,throughput_MiB_s,396.24
1,fifo,throughput,65536,10000,1.582819100,throughput_MiB_s,394.87
2,fifo,throughput,65536,10000,0.909781900,throughput_MiB_s,686.98
3,fifo,throughput,65536,10000,0.950549600,throughput_MiB_s,657.51
4,fifo,throughput,65536,10000,1.077000700,throughput_MiB_s,580.32
5,fifo,throughput,65536,10000,0.848789400,throughput_MiB_s,736.34
1,unix-socket,throughput,65536,10000,0.348978900,throughput_MiB_s,1790.94
2,unix-socket,throughput,65536,10000,0.528014400,throughput_MiB_s,1183.68
3,unix-socket,throughput,65536,10000,0.512798100,throughput_MiB_s,1218.80
4,unix-socket,throughput,65536,10000,0.452269200,throughput_MiB_s,1381.92
5,unix-socket,throughput,65536,10000,0.437896900,throughput_MiB_s,1427.28
1,mmap-anon-shared,throughput,1048576,1000,0.519381200,throughput_MiB_s,1925.37
2,mmap-anon-shared,throughput,1048576,1000,0.460559200,throughput_MiB_s,2171.27
3,mmap-anon-shared,throughput,1048576,1000,0.446435400,throughput_MiB_s,2239.97
4,mmap-anon-shared,throughput,1048576,1000,0.499877600,throughput_MiB_s,2000.49
5,mmap-anon-shared,throughput,1048576,1000,0.542552900,throughput_MiB_s,1843.14
1,mmap-anon-spin,throughput,1048576,1000,0.169585100,throughput_MiB_s,5896.74
2,mmap-anon-spin,throughput,1048576,1000,0.213859000,throughput_MiB_s,4675.98
3,mmap-anon-spin,throughput,1048576,1000,0.174123000,throughput_MiB_s,5743.07
4,mmap-anon-spin,throughput,1048576,1000,0.203254400,throughput_MiB_s,4919.94
5,mmap-anon-spin,throughput,1048576,1000,0.170546000,throughput_MiB_s,5863.52
1,mmap-file-shared,throughput,1048576,1000,0.540192100,throughput_MiB_s,1851.19
2,mmap-file-shared,throughput,1048576,1000,0.551115800,throughput_MiB_s,1814.50
3,mmap-file-shared,throughput,1048576,1000,0.522485900,throughput_MiB_s,1913.93
4,mmap-file-shared,throughput,1048576,1000,0.536739000,throughput_MiB_s,1863.10
5,mmap-file-shared,throughput,1048576,1000,0.569755500,throughput_MiB_s,1755.14
1,mmap-file-spin,throughput,1048576,1000,0.175109800,throughput_MiB_s,5710.70
2,mmap-file-spin,throughput,1048576,1000,0.163733500,throughput_MiB_s,6107.49
3,mmap-file-spin,throughput,1048576,1000,0.107902200,throughput_MiB_s,9267.65
4,mmap-file-spin,throughput,1048576,1000,0.171002400,throughput_MiB_s,5847.87
5,mmap-file-spin,throughput,1048576,1000,0.192612100,throughput_MiB_s,5191.78
1,posix-shm,throughput,1048576,1000,0.504323300,throughput_MiB_s,1982.86
2,posix-shm,throughput,1048576,1000,0.512193300,throughput_MiB_s,1952.39
3,posix-shm,throughput,1048576,1000,0.574126800,throughput_MiB_s,1741.78
4,posix-shm,throughput,1048576,1000,0.550164500,throughput_MiB_s,1817.64
5,posix-shm,throughput,1048576,1000,0.556550800,throughput_MiB_s,1796.78
1,file-pread-pwrite,throughput,1048576,1000,1.218695600,throughput_MiB_s,820.55
2,file-pread-pwrite,throughput,1048576,1000,1.184002300,throughput_MiB_s,844.59
3,file-pread-pwrite,throughput,1048576,1000,1.127120000,throughput_MiB_s,887.22
4,file-pread-pwrite,throughput,1048576,1000,1.147897200,throughput_MiB_s,871.16
5,file-pread-pwrite,throughput,1048576,1000,1.190453300,throughput_MiB_s,840.02
1,pipe,throughput,1048576,1000,3.619648500,throughput_MiB_s,276.27
2,pipe,throughput,1048576,1000,5.491748700,throughput_MiB_s,182.09
3,pipe,throughput,1048576,1000,4.762904500,throughput_MiB_s,209.96
4,pipe,throughput,1048576,1000,4.745966400,throughput_MiB_s,210.71
5,pipe,throughput,1048576,1000,4.045296900,throughput_MiB_s,247.20
1,fifo,throughput,1048576,1000,3.272467600,throughput_MiB_s,305.58
2,fifo,throughput,1048576,1000,2.617580000,throughput_MiB_s,382.03
3,fifo,throughput,1048576,1000,3.044711100,throughput_MiB_s,328.44
4,fifo,throughput,1048576,1000,3.224982200,throughput_MiB_s,310.08
5,fifo,throughput,1048576,1000,4.172187900,throughput_MiB_s,239.68
1,unix-socket,throughput,1048576,1000,0.606713800,throughput_MiB_s,1648.22
2,unix-socket,throughput,1048576,1000,0.612956200,throughput_MiB_s,1631.44
3,unix-socket,throughput,1048576,1000,0.603760200,throughput_MiB_s,1656.29
4,unix-socket,throughput,1048576,1000,0.713009700,throughput_MiB_s,1402.51
5,unix-socket,throughput,1048576,1000,0.659360200,throughput_MiB_s,1516.62
