mode,method,message_size,median,minimum,maximum,mean,std,repeats
latency,fifo,8,90259.07,60071.77,103800.84,86723.086,16190.346422174855,5
latency,fifo,64,74788.2,43804.0,78781.42,66415.872,15343.781989591744,5
latency,fifo,1024,105740.96,80230.97,132306.4,102559.17199999999,20201.626549101682,5
latency,fifo,4096,113808.98,85072.4,122129.34,108626.156,14154.566119603598,5
latency,fifo,65536,139660.48,114309.1,247398.92,163841.53,55018.757185651695,5
latency,fifo,1048576,4177315.0,3302112.2,4684076.6,4141037.4340000004,514158.3084066303,5
latency,file-pread-pwrite,8,97110.25,49731.49,133412.68,93679.86600000001,40460.09494963933,5
latency,file-pread-pwrite,64,125976.71,54469.07,164226.48,110508.36000000002,43753.01057343084,5
latency,file-pread-pwrite,1024,118233.93,110915.44,173416.07,130397.574,25403.74577875535,5
latency,file-pread-pwrite,4096,123387.49,113289.09,152784.25,128285.464,16721.078169624107,5
latency,file-pread-pwrite,65536,170651.67,66076.0,188314.62,142887.76400000002,54225.40951520726,5
latency,file-pread-pwrite,1048576,671620.68,520097.12,700354.45,639745.6240000001,74180.70484526841,5
latency,mmap-anon-shared,8,27777.83,18181.42,46853.85,29041.233999999997,11336.978286317302,5
latency,mmap-anon-shared,64,47790.86,24174.67,63024.42,44121.556,15194.037049817603,5
latency,mmap-anon-shared,1024,58726.58,47177.24,80132.45,62000.088,13018.92963467312,5
latency,mmap-anon-shared,4096,64525.12,34268.19,109875.69,67154.558,33997.22366442545,5
latency,mmap-anon-shared,65536,97432.02,65169.97,123935.35,92496.738,25137.412518062996,5
latency,mmap-anon-shared,1048576,234278.38,222812.25,266758.95,238577.802,16622.935089104154,5
latency,mmap-anon-spin,8,171.18,163.3,178.77,171.638,5.818034032213966,5
latency,mmap-anon-spin,64,127.96,40.13,174.9,110.316,65.34280702571631,5
latency,mmap-anon-spin,1024,307.5,90.21,589.79,284.462,207.2683354253611,5
latency,mmap-anon-spin,4096,572.22,361.74,640.02,527.986,117.19624345515514,5
latency,mmap-anon-spin,65536,2953.85,1398.0,8479.58,3766.6459999999997,2860.5853444845866,5
latency,mmap-anon-spin,1048576,41407.72,29387.8,51157.35,42273.164000000004,8533.708297377525,5
latency,mmap-file-shared,8,31283.95,27112.37,112018.16,56325.992000000006,38440.93610644479,5
latency,mmap-file-shared,64,36949.68,22244.05,59486.18,38347.594,13372.272478061834,5
latency,mmap-file-shared,1024,73442.54,68202.67,107587.36,79440.622,16136.924177834204,5
latency,mmap-file-shared,4096,77011.41,50329.8,103720.62,78727.446,21170.765709074618,5
latency,mmap-file-shared,65536,76444.82,61543.68,96640.77,79788.362,14918.027084523274,5
latency,mmap-file-shared,1048576,192863.85,190067.25,195262.08,192654.24599999998,1883.1377718664066,5
latency,mmap-file-spin,8,88.83,29.34,102.3,81.364,29.7939411625921,5
latency,mmap-file-spin,64,229.48,117.11,247.87,208.74,52.95537744176694,5
latency,mmap-file-spin,1024,467.18,154.12,513.22,416.004,147.67715151640758,5
latency,mmap-file-spin,4096,572.85,233.89,1002.06,604.5899999999999,314.309523002406,5
latency,mmap-file-spin,65536,2517.53,2006.53,3388.0,2653.692,523.0593829767324,5
latency,mmap-file-spin,1048576,31018.35,25904.47,35825.47,30796.192,3540.5097179248082,5
latency,pipe,8,84756.79,71010.98,109136.35,89327.18000000001,15001.61918101843,5
latency,pipe,64,99506.88,72168.17,112126.55,93071.772,16643.279423837124,5
latency,pipe,1024,93250.83,67976.26,126068.33,96425.512,23543.301001140855,5
latency,pipe,4096,80302.6,74238.66,123535.75,95416.444,24790.76979071908,5
latency,pipe,65536,146227.7,114877.05,203875.2,150049.204,33517.32714184307,5
latency,pipe,1048576,4357833.08,3353737.9,5151526.38,4273605.772,793301.3526718811,5
latency,posix-mq,8,57380.44,40063.4,82278.51,56919.45,15984.30675764827,5
latency,posix-mq,64,107122.33,90049.07,115291.88,104213.628,10127.273762694973,5
latency,posix-mq,1024,85414.12,43251.72,122402.51,90325.034,32228.16354480705,5
latency,posix-mq,4096,97045.7,65920.48,142459.72,105060.28799999999,31267.017942696744,5
latency,posix-shm,8,92731.91,24455.96,120004.13,81032.064,40801.04343733295,5
latency,posix-shm,64,56909.86,45166.26,84582.12,62292.338,15154.781877312515,5
latency,posix-shm,1024,60607.21,40116.55,64213.93,56543.280000000006,9818.031314026248,5
latency,posix-shm,4096,95291.43,80182.71,120056.56,98986.124,14780.746088181071,5
latency,posix-shm,65536,107744.7,59251.6,188788.1,115323.58600000001,47682.618543626355,5
latency,posix-shm,1048576,197160.42,156116.3,209923.83,191053.054,20426.24254614711,5
latency,unix-socket,8,95013.9,90186.26,102969.8,95607.26,4625.659164421871,5
latency,unix-socket,64,72383.69,68477.37,87078.29,74640.898,7647.675305994615,5
latency,unix-socket,1024,95844.44,72648.03,112930.62,92612.606,17212.11641281164,5
latency,unix-socket,4096,90312.16,78109.71,117031.54,94641.982,15318.901604729035,5
latency,unix-socket,65536,127029.95,87359.68,142752.52,119138.12,21311.76150448268,5
latency,unix-socket,1048576,737292.47,560927.12,799234.45,704066.324,90161.80308802794,5
throughput,fifo,8,3.28,3.01,5.27,3.7939999999999996,1.001463928456737,5
throughput,fifo,64,31.94,22.58,39.51,32.327999999999996,7.096102451346092,5
throughput,fifo,1024,246.4,235.78,260.58,247.76799999999997,11.69934699032386,5
throughput,fifo,4096,760.5,659.51,807.21,742.25,58.064852105210775,5
throughput,fifo,65536,657.51,394.87,736.34,611.204,133.50981922690184,5
throughput,fifo,1048576,310.08,239.68,382.03,313.162,51.09503028671182,5
throughput,file-pread-pwrite,8,0.03,0.03,0.04,0.033999999999999996,0.005477225575051662,5
throughput,file-pread-pwrite,64,0.62,0.39,0.8,0.5900000000000001,0.18947295321496416,5
throughput,file-pread-pwrite,1024,4.14,3.78,5.43,4.458,0.7751902992169083,5
throughput,file-pread-pwrite,4096,14.67,14.41,16.82,15.264,1.028241216835817,5
throughput,file-pread-pwrite,65536,204.66,147.66,214.31,191.81199999999998,27.553146281323315,5
throughput,file-pread-pwrite,1048576,844.59,820.55,887.22,852.708,26.42242740552053,5
throughput,mmap-anon-shared,8,0.06,0.03,0.07,0.054000000000000006,0.01816590212458495,5
throughput,mmap-anon-shared,64,0.39,0.27,0.76,0.47000000000000003,0.18828170383762727,5
throughput,mmap-anon-shared,1024,8.34,7.48,13.07,9.462,2.3242568704857045,5
throughput,mmap-anon-shared,4096,26.84,15.09,38.22,27.146000000000004,8.23595349671184,5
throughput,mmap-anon-shared,65536,257.87,219.22,320.87,261.336,38.41532806055416,5
throughput,mmap-anon-shared,1048576,2000.49,1843.14,2239.97,2036.048,166.28037984079774,5
throughput,mmap-anon-spin,8,13.68,13.06,14.91,13.872,0.7221980337829783,5
throughput,mmap-anon-spin,64,163.82,146.22,280.14,181.976,55.464147699211956,5
throughput,mmap-anon-spin,1024,2666.96,2517.47,9049.79,4128.505999999999,2802.440758736927,5
throughput,mmap-anon-spin,4096,4667.49,4434.85,7969.37,5287.752,1509.4080375829458,5
throughput,mmap-anon-spin,65536,15344.95,15283.83,18651.54,16296.679999999998,1486.9069380260487,5
throughput,mmap-anon-spin,1048576,5743.07,4675.98,5896.74,5419.85,577.0595494400904,5
throughput,mmap-file-shared,8,0.06,0.03,0.09,0.057999999999999996,0.021679483388678797,5
throughput,mmap-file-shared,64,0.81,0.26,1.19,0.708,0.3649246497566313,5
throughput,mmap-file-shared,1024,8.82,8.37,17.8,11.462,4.156172518074774,5
throughput,mmap-file-shared,4096,35.07,23.64,49.77,35.864,9.718236980028838,5
throughput,mmap-file-shared,65536,301.48,243.18,594.65,347.512,140.40798933821392,5
throughput,mmap-file-shared,1048576,1851.19,1755.14,1913.93,1839.5720000000001,59.1080042803003,5
throughput,mmap-file-spin,8,17.79,12.71,26.39,17.918,5.560500876719651,5
throughput,mmap-file-spin,64,151.33,141.49,165.35,152.46800000000002,9.194439624033633,5
throughput,mmap-file-spin,1024,2500.35,2312.9,5969.79,3149.2920000000004,1579.7317740110186,5
throughput,mmap-file-spin,4096,6840.95,6320.65,10015.77,7391.114,1499.0753515017184,5
throughput,mmap-file-spin,65536,14311.75,13895.74,14834.05,14264.2,376.35439953586325,5
throughput,mmap-file-spin,1048576,5847.87,5191.78,9267.65,6425.098,1623.6999930621423,5
throughput,pipe,8,3.54,2.33,6.65,4.176,1.7511224971429042,5
throughput,pipe,64,27.11,15.13,39.16,27.657999999999998,10.499408078553762,5
throughput,pipe,1024,343.64,233.28,765.38,420.39,225.52393864066846,5
throughput,pipe,4096,823.82,760.85,832.09,811.09,28.99181694892543,5
throughput,pipe,65536,396.24,321.43,468.5,406.78200000000004,57.96805991233451,5
throughput,pipe,1048576,210.71,182.09,276.27,225.246,36.717925186480784,5
throughput,posix-mq,8,1.46,1.36,2.16,1.686,0.40358394418014204,5
throughput,posix-mq,64,17.17,9.44,28.02,18.072,8.515360826177595,5
throughput,posix-mq,1024,165.39,146.48,242.03,181.88799999999998,40.92800532642655,5
throughput,posix-mq,4096,562.12,544.64,587.04,563.3720000000001,16.666610933240158,5
throughput,posix-shm,8,0.06,0.04,0.06,0.054000000000000006,0.008944271909999156,5
throughput,posix-shm,64,0.39,0.25,0.46,0.38,0.0806225774829855,5
throughput,posix-shm,1024,10.19,6.91,14.89,10.190000000000001,2.96933494237346,5
throughput,posix-shm,4096,24.93,22.72,59.55,32.641999999999996,15.40726354678208,5
throughput,posix-shm,65536,242.39,241.47,331.84,260.908,39.71863945303261,5
throughput,posix-shm,1048576,1817.64,1741.78,1982.86,1858.2900000000002,104.14290374288588,5
throughput,unix-socket,8,2.58,1.95,3.82,2.658,0.7219903046440443,5
throughput,unix-socket,64,19.84,9.05,24.15,18.258,5.716009971999698,5
throughput,unix-socket,1024,166.24,150.49,242.85,186.60999999999999,42.043047582210306,5
throughput,unix-socket,4096,472.19,316.67,494.51,444.308,72.85686254567925,5
throughput,unix-socket,65536,1381.92,1183.68,1790.94,1400.524,241.62552530724062,5
throughput,unix-socket,1048576,1631.44,1402.51,1656.29,1571.016,109.81389861943707,5
